Intent Display Name,Language,Phrase
accept_reservations,en,"does applebees in trenton do reservations"
accept_reservations,en,"is it possible to make reservations with famous dave's restaurant"
accept_reservations,en,"does redrobin take reservations"
accept_reservations,en,"can i make reservations at applebee's or no"
accept_reservations,en,"do they take reservations at state bird"
accept_reservations,en,"do they accept reservations at michael's"
accept_reservations,en,"does gramercy tavern accept reservations"
accept_reservations,en,"does tartine in san francisco take reservations"
accept_reservations,en,"does black rock take reservations"
accept_reservations,en,"can i make a reservation at michael's"
account_blocked,en,"i think my account is block but i am not sure why"
account_blocked,en,"why is there a block on my account"
account_blocked,en,"i'm confused about the reason for my bank account being frozen"
account_blocked,en,"why am i seeing a hold on my charles schwab account"
account_blocked,en,"how come a hold was placed on my 401k account"
account_blocked,en,"can you tell me why there's a hold on my mutualone account"
account_blocked,en,"why is there a hold on my edward jones account"
account_blocked,en,"what is the reason i am locked out of my bank account"
account_blocked,en,"can you find out why is my bank account frozen"
account_blocked,en,"find out the reason why am i locked out of my bank account"
alarm,en,"set alarm for 5pm"
alarm,en,"please create an alarm for 12 noon"
alarm,en,"would you set my alarm for 10:00 and another for 3:00"
alarm,en,"can you alert me at 6 in the morning"
alarm,en,"can you make an alarm for 7 am"
alarm,en,"have an alarm set for three in the morning"
alarm,en,"set my alarm for 5pm"
alarm,en,"tomorrow i need the alarm to go off at 5"
alarm,en,"set an alarm for me for 10:00 and another one set for 4:00"
alarm,en,"tomorrow i would like an alarm for 9 tomorrow"
application_status,en,"please find out the current status of my credit card application"
application_status,en,"has my application for a new credit card been processed"
application_status,en,"could you check and see if my credit card application has been processed and approved or not"
application_status,en,"has there been any changes in the status of my credit card application"
application_status,en,"do you know if my amex card app went through"
application_status,en,"do you know what the latest is with my credit card application"
application_status,en,"please check the status of my mastercard application"
application_status,en,"in what status is my credit card application"
application_status,en,"can you update me on the status of my american express card application"
application_status,en,"check on my credit card application"
apr,en,"what is the apr on my amex card, please"
apr,en,"hey siri, tell me the apr on my disney visa"
apr,en,"how good is card apr"
apr,en,"can you look into whether my card has good apr or not"
apr,en,"do i have a good apr on my credit card"
apr,en,"what is the apr on my amex card"
apr,en,"how much is my amex's apr"
apr,en,"how much do i pay in apr on my amex card"
apr,en,"how much is the apr these days on my nordstrom credit card"
apr,en,"what's the apr like for my credit card"
are_you_a_bot,en,"do you identify as a human or computer"
are_you_a_bot,en,"are you really an actual human being"
are_you_a_bot,en,"do you consider yourself a bot"
are_you_a_bot,en,"so are you human"
are_you_a_bot,en,"do you think you are a bot"
are_you_a_bot,en,"am i talking to an actual person"
are_you_a_bot,en,"are you real or are you an ai"
are_you_a_bot,en,"are you a real person or a bot"
are_you_a_bot,en,"are you a bot or a real person"
are_you_a_bot,en,"are you a real person or artificial intelligence"
balance,en,"is there enough money in my bank of hawaii for vacation"
balance,en,"what's the balance of my savings"
balance,en,"check my visa account and see if i have enough money for dinner tonight"
balance,en,"what's my current checking balance"
balance,en,"i wanna know the balance of my bank of american account"
balance,en,"is there enough money in my discover account for airplane tickets"
balance,en,"how much money do i have in my account"
balance,en,"what is in my bank accounts"
balance,en,"what's my checking balance"
balance,en,"what is my checking account balance at chase"
bill_balance,en,"how much on bills to i have to pay"
bill_balance,en,"how much is the bill for my water and electricity"
bill_balance,en,"tell me how much my verizon and comcast bill come to together"
bill_balance,en,"what do i owe on the car this month"
bill_balance,en,"how much is my comcast bill"
bill_balance,en,"remind me of the invoice total for my plumbing bill"
bill_balance,en,"can you tell me the total cost of my bills please"
bill_balance,en,"how much do i owe for my gas and phone bills"
bill_balance,en,"how much is my electric bill for this month"
bill_balance,en,"my dte bill is how much"
bill_due,en,"when's the gas bill due"
bill_due,en,"on what day do i pay my car payment"
bill_due,en,"when do i owe the state payment for my car tags"
bill_due,en,"how many more days before my verizon bill is due"
bill_due,en,"i would like to know when the bill is due"
bill_due,en,"when is the bill due"
bill_due,en,"what date do i have to pay my bill"
bill_due,en,"when do i need to pay my annual payment for auto insurance"
bill_due,en,"what is the latest date that i can pay my direct tv bill this month"
bill_due,en,"what day is the bill due"
book_flight,en,"please get me a flight booked from miami to dallas on american airlines"
book_flight,en,"schedule flight from madison to atlanta on delta"
book_flight,en,"get me a flight for tuesday on spiritcom to las vegas from chicago"
book_flight,en,"search for a flight from nyc to la on march 1, returning on march 5"
book_flight,en,"help me find a roundtrip flight for may 7th through the 20th from pittsburgh to chicago"
book_flight,en,"book a flight from seattle to dallas-fort worth on april the 1st and returning on april 5th"
book_flight,en,"i need to take a flight from florida to alabama on january 25th and i need to get back by the 30th"
book_flight,en,"book a flight from miami, fl to columbus, ga on 16 february 2019 and returning on 2 march 2019"
book_flight,en,"use delta to book me a flight from dallas to pittsburgh"
book_flight,en,"find me a flight out of la to chicago on march 3rd for under $500"
book_hotel,en,"help me find a good reviews hotel in la"
book_hotel,en,"is it possible to have a room booked in omaha near the convention hall for may 01, 2019 to may 05, 2019"
book_hotel,en,"hotel room for 5 in austin for 3/1 until 3/8"
book_hotel,en,"i need a hotel room for 4 people in lakewood from monday to wednesday"
book_hotel,en,"please book a hotel in ny, close to brooklyn, on the 25th to 30th"
book_hotel,en,"can you find me a hotel for 2 people on april 1st to 4th in rome"
book_hotel,en,"i'd like a placed booked in san diego from may 1st, 2020 to june 2nd, 2020"
book_hotel,en,"help me a great hotel in vegas for this weekend"
book_hotel,en,"find me a hotel in kansas city with good reviews"
book_hotel,en,"see if you can get me a room in colorado springs near garden of the gods from march 01 to march 02"
calculator,en,"what is the square root of 5"
calculator,en,"what is the square root of 31"
calculator,en,"what is the area of a 20 x 20 room"
calculator,en,"what does 2 + 2 equal"
calculator,en,"what is the square root of 1 million"
calculator,en,"please add 456 and 781 for me"
calculator,en,"what is an 18 percent tip on 20 dollars"
calculator,en,"what is 2 + 2"
calculator,en,"what is 606 divided by 5"
calculator,en,"560 divided by 3"
calendar,en,"what do i have on my calendar for february 8"
calendar,en,"anything on the schedule for october 14th"
calendar,en,"is there an event titled anniversary dinner on my calendar"
calendar,en,"what have i got planned for the date of april 23"
calendar,en,"is my daughter's birthday on my calendar"
calendar,en,"what do i have scheduled on march 2nd on my calendar"
calendar,en,"can you tell me what's on my calendar for march 05, 2019"
calendar,en,"what is on march 2 calendar"
calendar,en,"what is showing on my calendar for the 17th of march"
calendar,en,"what do i have on my calendar today, the 3rd"
calendar_update,en,"add jake's birthday party for friday at 5"
calendar_update,en,"keep april 2nd wide open on my calendar please"
calendar_update,en,"delete the hair appointment i had scheduled on may 1st pleae"
calendar_update,en,"please add lunch and catch up with lisa on friday to my calendar"
calendar_update,en,"i want the events on my calendar for march 20th, 2019 to be cleared"
calendar_update,en,"march 3rd needs to be cleared on my calendar"
calendar_update,en,"i need a clear calendar for april 15"
calendar_update,en,"make sure to add to my calendar the staff meeting for march 1 at 10 am"
calendar_update,en,"please remove fishing from my calendar for soccer"
calendar_update,en,"clear my calendar for tomorrow"
calories,en,"what's the caloric content in a bowl of rice crispies with milk"
calories,en,"what is the caloric value of a cookie"
calories,en,"how many calories on average are in a hot dog"
calories,en,"calorie count of cheetos"
calories,en,"how many calories are in vanilla ice cream"
calories,en,"give me expected number of calories in a breakfast burrito"
calories,en,"what's the amount of calories in a cheesy omelette"
calories,en,"what is the calorie content of a small bag of lay's potato chips"
calories,en,"looks up the calories in cheetos"
calories,en,"how many calories are in a can of coke"
cancel,en,"can you switch off"
cancel,en,"please cancel the input"
cancel,en,"can you please cancel"
cancel,en,"please refrain from carrying out the current task"
cancel,en,"mute"
cancel,en,"could you stop talking for a second"
cancel,en,"abort running program"
cancel,en,"quit what you are doing"
cancel,en,"refrain from talking"
cancel,en,"discontinue your current task"
cancel_reservation,en,"something's come up so i need to cancel my reservation so now"
cancel_reservation,en,"cancel my reservation for chris at jp field's"
cancel_reservation,en,"cancel my reservation for 3 at carlos jr"
cancel_reservation,en,"remove my reservation at outback for timmy"
cancel_reservation,en,"i made a reservation for chris at tony's, please cancel it"
cancel_reservation,en,"joe and i are to cancel the reservation at zephers now"
cancel_reservation,en,"can i cancel my reservations"
cancel_reservation,en,"cancel my reservation for me"
cancel_reservation,en,"can you cancel my reservation for dinner tomorrow"
cancel_reservation,en,"i don't need my reservation, can you cancel it"
car_rental,en,"i want to rent a car in boston for march 2 until march 4"
car_rental,en,"in nashville, i need a rental car booked"
car_rental,en,"i want to rent a bmw suv for dallas from march 2 to 6th"
car_rental,en,"are there any places nearby i can rent a car at"
car_rental,en,"can you see if i can rent a car from dallas on the dates of march 1, 2019 to march 3, 2019"
car_rental,en,"find me a rental car from 3/6 - 3/9 in port charles"
car_rental,en,"id like a car rental between january 1st to the 3rd in denver, id like a ford"
car_rental,en,"what car rental choices are there in calgary"
car_rental,en,"make sure i can rent one car out of chicago from january 2 to january 5"
car_rental,en,"reserve a car rental for denver colorado for a ford between january 1st through 3rd"
card_declined,en,"i was trying to buy qtips at walmart and my card got declined"
card_declined,en,"my card was declined at the store yesterday, what happened"
card_declined,en,"can you tell me why my card was declined yesterday"
card_declined,en,"my card got declined at target while buying a tv"
card_declined,en,"i was at walmart when my card was declined i was only trying to buy some candy"
card_declined,en,"can you tell me why my card was declined"
card_declined,en,"why did my card not get accepted then"
card_declined,en,"please tell me why walgreen's wouldn't take my card"
card_declined,en,"i was at safeway trying to buy groceries and my card got declined"
card_declined,en,"please help me figure out why my card was declined yesterday"
carry_on,en,"what are the carry-on limits for flying domestically with delta"
carry_on,en,"from a flight from muscat to qatar, how many carry ons can i take"
carry_on,en,"when taking a flight with lion to singapore, how many carry ons are allowed"
carry_on,en,"which rules does delta have for carry on"
carry_on,en,"when taking a flight with porter to toronto, how many carry ons can i take"
carry_on,en,"do i need to pay for delta carry on"
carry_on,en,"i need to know the carry on policy for american airlines flights"
carry_on,en,"how many carry ons are allowed on a flight with wow to iceland"
carry_on,en,"what is the carry on limit"
carry_on,en,"how many carry ons can i take on a flight with virgin airlines to vancouver bc"
change_accent,en,"can i get you to talk like a pouty english guy"
change_accent,en,"i want to change to male voice"
change_accent,en,"please use male voice instead"
change_accent,en,"i would prefer your voice to be male"
change_accent,en,"use your male voice"
change_accent,en,"use a male voice instead"
change_accent,en,"can you change the way you talk to a male british voice"
change_accent,en,"switch to british male accent"
change_accent,en,"set to female voice"
change_accent,en,"i want to hear a male british accent"
change_ai_name,en,"i want to start calling you bob"
change_ai_name,en,"your name from this point forward is george"
change_ai_name,en,"i want to change the name i call you to juan"
change_ai_name,en,"i want to update you name now"
change_ai_name,en,"i would like to change your name to eli"
change_ai_name,en,"can i call you something else"
change_ai_name,en,"change your name setting to plato"
change_ai_name,en,"i need to change your name to ben"
change_ai_name,en,"if i may, i'd like to call you slave"
change_ai_name,en,"i want to change your name to another name"
change_language,en,"can you talk to me in chinese"
change_language,en,"from now on, i want you to answer me using japanese"
change_language,en,"i need to change my speaking to spanish"
change_language,en,"alter your language to french"
change_language,en,"set your language setting to english"
change_language,en,"is there an option to speak only in mandarin"
change_language,en,"change the language you're using to american english"
change_language,en,"how can we start communicating in french rather than english"
change_language,en,"change your language"
change_language,en,"please change your language setting to spanish"
change_speed,en,"can you speak faster please"
change_speed,en,"will you speak more rapidly"
change_speed,en,"where do i find instructions on how to speed up voice replies"
change_speed,en,"can you please talk slower"
change_speed,en,"speak slower"
change_speed,en,"i'd like you to speak a bit slower"
change_speed,en,"speed up your speech"
change_speed,en,"i want you to speak more slowly to me"
change_speed,en,"speak at a slower rate"
change_speed,en,"speak more quickly, please"
change_user_name,en,"can you call me something else"
change_user_name,en,"i prefer to go by brad"
change_user_name,en,"call me frank"
change_user_name,en,"i go by brad"
change_user_name,en,"i go by the name jim"
change_user_name,en,"my name's bob"
change_user_name,en,"just call me dennis"
change_user_name,en,"i go by stefan"
change_user_name,en,"i'd like you to call me something different"
change_user_name,en,"they call me john"
change_volume,en,"please increase the volume to 4"
change_volume,en,"turn your voice box down"
change_volume,en,"make the sound of my speaker greater"
change_volume,en,"i want volume set to 4"
change_volume,en,"set volume higher"
change_volume,en,"i want to increase your volume"
change_volume,en,"raise the volume to 4 please"
change_volume,en,"turn volume to the number 4 setting"
change_volume,en,"you must increase the volume to 4 please"
change_volume,en,"can you increase the speaker volume"
confirm_reservation,en,"please confirm my reservation for april 1st at 9am"
confirm_reservation,en,"make sure my reservation is happening for john at olive garden"
confirm_reservation,en,"does taco house have a reservation for jean"
confirm_reservation,en,"i would like for you to confirm my reservation for red robin at 5 pm"
confirm_reservation,en,"i would like you to confirm my reservation for next saturday at 11 am"
confirm_reservation,en,"i need you to confirm my reservation for outback steakhouse at 6"
confirm_reservation,en,"please confirm my reservation for morton's at 5 pm"
confirm_reservation,en,"can you you confirm my reservation for jean at taco house"
confirm_reservation,en,"will you confirm my reservation for red robin at 10"
confirm_reservation,en,"i'd like for you to make sure my reservation is there for charlie's under jack"
cook_time,en,"how long do you need to bake chicken for it to be safe to eat"
cook_time,en,"how long do i put the casserole in"
cook_time,en,"how long do i cook pork"
cook_time,en,"how long should i wait before i can bake bread with homemade dough"
cook_time,en,"how long should i cook a glazed ham"
cook_time,en,"how long does it take pork to cook"
cook_time,en,"how long is it acceptable to carmelize onions"
cook_time,en,"how long to cook a frozen pizza"
cook_time,en,"how long do you bake a cake"
cook_time,en,"how long am i supposed to cook pork loin"
credit_limit,en,"the credit limit on my account is how much"
credit_limit,en,"how high is my credit limit for my navy federal card"
credit_limit,en,"can i please know the credit limit for my citibank card"
credit_limit,en,"what is my credit limit"
credit_limit,en,"what is the credit limit for my navy federal card"
credit_limit,en,"how is my credit limit"
credit_limit,en,"what's the credit limit on my discovery card"
credit_limit,en,"please check my credit limit on my visa"
credit_limit,en,"what's my limit on my amex card"
credit_limit,en,"how high is my credit limit for my citigroup card"
credit_limit_change,en,"i'd like to increase my credit spending limit to 500 dollars"
credit_limit_change,en,"can i increase the credit limit for my western union credit card"
credit_limit_change,en,"can i increase my credit limit to 800 dollars"
credit_limit_change,en,"can i get a higher credit limit on my american express"
credit_limit_change,en,"can i increase the credit limit for my wells fargo credit card"
credit_limit_change,en,"tell me if i can get a higher limit on my visa"
credit_limit_change,en,"i want to change my credit limit"
credit_limit_change,en,"can you increase my credit limit to $7,500"
credit_limit_change,en,"i need to increase my credit limit for my visa credit card, can you assist me"
credit_limit_change,en,"can i increase the credit limit for my navy federal card"
credit_score,en,"how can i find my credit rating"
credit_score,en,"i want to find out what my credit score is"
credit_score,en,"find my credit score and tell it to me"
credit_score,en,"will you tell me my credit score"
credit_score,en,"can you tell me my credit score"
credit_score,en,"help me locate my credit score"
credit_score,en,"please get my credit score"
credit_score,en,"what's my credit score"
credit_score,en,"what is the process of finding my credit score"
credit_score,en,"let me understand my credit rating"
current_location,en,"would you please tell me my current gps coordinates"
current_location,en,"please give me my gps coordinates"
current_location,en,"what are my gps coordinates at this location"
current_location,en,"how will i find my current location"
current_location,en,"where am i located"
current_location,en,"tell me my current gps coordinates"
current_location,en,"how can i find my current location"
current_location,en,"i need to know my location"
current_location,en,"display my location on a map"
current_location,en,"look me up on the map"
damaged_card,en,"i accidentally put my credit card in the shredder"
damaged_card,en,"my phone was too close to my card and demagnetized it, how can i report this"
damaged_card,en,"my card split in half, can i report it"
damaged_card,en,"my card needs replaced, i accidentally scraped it"
damaged_card,en,"my card doesn't work anymore"
damaged_card,en,"my damage card is not working"
damaged_card,en,"my card is cracked and i want to report it"
damaged_card,en,"i creased my card today, contact the bank"
damaged_card,en,"the magnetic strip on my card is scratched, let the card company know"
damaged_card,en,"it seems i can't use my card since it has been damaged"
date,en,"the date tomorrow is what"
date,en,"what day of the month is it"
date,en,"what will be the date tomorrow"
date,en,"what date is it"
date,en,"can you tell me tomorrow's date"
date,en,"when will it be in 10 days"
date,en,"tell me what date it is please"
date,en,"show me the date"
date,en,"i need to know today's date please"
date,en,"i would like to know what today's date is"
definition,en,"what is the meaning of realism"
definition,en,"find out what the word abrogate means for me"
definition,en,"what is the definition of didactic"
definition,en,"what is the definition of altruism"
definition,en,"definition of affiliate is what"
definition,en,"what's the meaning of a fortnight"
definition,en,"what is the definition of zesty"
definition,en,"what is stupedous meant"
definition,en,"define zesty"
definition,en,"find the meaning of qat"
direct_deposit,en,"what is needed to set up direct deposit"
direct_deposit,en,"how do i get direct deposit for my paycheck"
direct_deposit,en,"how do i go about setting up direct deposit"
direct_deposit,en,"how do i get paychecks put directly in my sunflower savings account"
direct_deposit,en,"is there a specific way to set up direct deposit"
direct_deposit,en,"search google for how to set up direct deposit"
direct_deposit,en,"set up payroll direct deposit to my checking account"
direct_deposit,en,"i want to set direct deposit"
direct_deposit,en,"can you walk me through setting up direct deposit"
direct_deposit,en,"can you teach me how to set up direct deposit, or show me who can"
directions,en,"what steps do i need to take to take a bus to detroit"
directions,en,"i need to know where the nearest place that has mountain dew is"
directions,en,"how do i get to the college by bus"
directions,en,"please tell me the subway station nearest to madison square garden in new york"
directions,en,"can you tell me the location of the nearest bank"
directions,en,"could you tell me how to get to the statue of liberty by bus"
directions,en,"is there a tire repair place near the post office"
directions,en,"is there a starbucks close to home"
directions,en,"i need to know how to get to target by bus"
directions,en,"from here, how do i get to the statue of liberty by bus"
distance,en,"how long before i get to dallas , in time, not miles"
distance,en,"so to go to brooklyn, it would take me how long again"
distance,en,"how long does it take to get to virginia by bus"
distance,en,"how much time does it take to get to levi stadium from san jose airport"
distance,en,"does it take a long time to get to the airport in la"
distance,en,"approximately how much time will it take to get to tod's in minutes"
distance,en,"how long does it take to get to applebees in new york"
distance,en,"from here, i take this bus to go to brooklyn and how long is the commute"
distance,en,"how miles does it take to get to red lobster from my current location"
distance,en,"how long is the ride to phoenix"
do_you_have_pets,en,"what type of pet do you have"
do_you_have_pets,en,"which food do you give your pets"
do_you_have_pets,en,"can you tell me the types of pets you have"
do_you_have_pets,en,"would you say you're a person who likes cats or dogs more"
do_you_have_pets,en,"would you say that you are now a pet owner"
do_you_have_pets,en,"you have pets of what kind"
do_you_have_pets,en,"are you currently a pet owner"
do_you_have_pets,en,"how would you explain the pets you own"
do_you_have_pets,en,"would you let me know if you are a cat or dog person"
do_you_have_pets,en,"can you tell me if you have any pets"
exchange_rate,en,"tell me the exchange rate between rubles and dollars"
exchange_rate,en,"i need the exchange rate between pounds and us dollars"
exchange_rate,en,"what is 5 in yen and rubles"
exchange_rate,en,"if i have 20,000 yen, how much is that in usd"
exchange_rate,en,"how much cad can i get with my one usd"
exchange_rate,en,"what is the exchange rate for canadian dollars to us dollars"
exchange_rate,en,"how many dollars can i exchange for 75 euros"
exchange_rate,en,"let me know what the exchange rate between dollars and pesos is"
exchange_rate,en,"what is the yen worth in terms of the peso"
exchange_rate,en,"what is the conversion for 500 dollars to pesos"
expiration_date,en,"is my credit card expiration date approaching"
expiration_date,en,"my card expires in what month"
expiration_date,en,"what is the expiration date of my current card"
expiration_date,en,"when is my credit due to expire"
expiration_date,en,"when my credit card is going to expire"
expiration_date,en,"is my card set to expire soon"
expiration_date,en,"help me figure out when exactly my credit card will be expiring"
expiration_date,en,"when should i expect my visa to expire"
expiration_date,en,"could you look up the date that my credit card is set to expire"
expiration_date,en,"how long before my amex card expires"
find_phone,en,"i can't find my phone"
find_phone,en,"i would like to know where my phone is"
find_phone,en,"please tell me where my phone is"
find_phone,en,"please help me find my cellphone"
find_phone,en,"can you call my cellphone"
find_phone,en,"misplaced my phone"
find_phone,en,"help me locate my phone"
find_phone,en,"i need help figuring out where my phone is"
find_phone,en,"can you locate my phone"
find_phone,en,"are you able to track a phone"
flight_status,en,"whats the status of my frontier flight"
flight_status,en,"look up when my flight is set to start boarding"
flight_status,en,"is there any news on flight dl123"
flight_status,en,"tell me what time my flight ought to be landing"
flight_status,en,"i need to know the status of flight dl123"
flight_status,en,"when will we begin to board my scheduled flight"
flight_status,en,"when does boarding for my flight begin"
flight_status,en,"when should the flight land"
flight_status,en,"whats the update on flight dl123"
flight_status,en,"i wish to know when my flight will land"
flip_coin,en,"please flip a coin for me, tails i win"
flip_coin,en,"lets go with heads or tails"
flip_coin,en,"filp a coin, i call heads"
flip_coin,en,"spin a coin"
flip_coin,en,"flip that coin please, i choose heads"
flip_coin,en,"flip a coin one time"
flip_coin,en,"please flip a coin i select tails"
flip_coin,en,"heads or tails please"
flip_coin,en,"flip a coin and tell me if its heads or tails"
flip_coin,en,"flip a coin, you win with heads"
food_last,en,"i need to know how long can i keep pizza in the freezer for before it goes bad"
food_last,en,"i got to know how long can i keep pizza in the freezer for before it goes bad"
food_last,en,"so i have had pizza in the fridge since monday, so is it safe to eat"
food_last,en,"ribs can stay in the fridge for how long before they turn"
food_last,en,"how long does bread last"
food_last,en,"what's the expiration for steak"
food_last,en,"what is the length of time i can leave pork in the fridge"
food_last,en,"what's the shelf life of guacamole in the fridge"
food_last,en,"how long can i leave tuna casserole in the fridge"
food_last,en,"am i good to eat this burger from the fridge that i got two mondays ago"
freeze_account,en,"can you please freeze my bank account"
freeze_account,en,"pause my account"
freeze_account,en,"could you freeze my account, please"
freeze_account,en,"please make sure my account is frozen"
freeze_account,en,"put a hold on my bank account please"
freeze_account,en,"please pause my banking actions"
freeze_account,en,"please freeze my bank account"
freeze_account,en,"please freeze my account"
freeze_account,en,"can you freeze my account, please"
freeze_account,en,"place a block on my capital one account right now"
fun_fact,en,"what's a cool and interesting thing about dogs"
fun_fact,en,"trivia about something,tell me some"
fun_fact,en,"i want to learn a neat fact about black holes"
fun_fact,en,"tell me something interesting about outer space"
fun_fact,en,"tell me a fun fact about mt everest"
fun_fact,en,"can you tell me a fun fact about elephants"
fun_fact,en,"i want to hear a fun fact about american presidents"
fun_fact,en,"what's a fun fact about elephants"
fun_fact,en,"tell me something interesting about sperm whales"
fun_fact,en,"what's an interesting fact about flamingos"
gas,en,"am i low on gas"
gas,en,"do i have enough fuel to get to tampa"
gas,en,"how much gas is in my tank"
gas,en,"what do i have left in the gas tank"
gas,en,"what is the amount of gas i have"
gas,en,"is my gas tank full"
gas,en,"how many gallons do i have left"
gas,en,"am i running low on gas"
gas,en,"how does my gas tank look"
gas,en,"what's left in my gas tank"
gas_type,en,"tell me what kind of gas this car uses"
gas_type,en,"tell me the kind of fuel that my vehicle operates on"
gas_type,en,"i need to know what kind of fuel this car needs"
gas_type,en,"can i use any fuel in my car"
gas_type,en,"what kind of gas does this car use"
gas_type,en,"what kind of gas do i put in my car"
gas_type,en,"what type of gas does this car take"
gas_type,en,"what gas is needed for the car"
gas_type,en,"will this car run on the cheaper gas"
gas_type,en,"what kind of gas should go in this car"
goodbye,en,"thanks for talking to me"
goodbye,en,"see you in a while"
goodbye,en,"i'm saying goodbye now"
goodbye,en,"good night"
goodbye,en,"great chat, talk to you later"
goodbye,en,"i have to go ai goodbye"
goodbye,en,"have a good one"
goodbye,en,"buhbye"
goodbye,en,"goodbye!"
goodbye,en,"nice talking again, bye"
greeting,en,"good to see you"
greeting,en,"hello, friend"
greeting,en,"how have you been doing"
greeting,en,"are you okay right now"
greeting,en,"hola"
greeting,en,"what do you feel like doing"
greeting,en,"how is my ai doing"
greeting,en,"how are you this day"
greeting,en,"hey there!"
greeting,en,"hi how are you"
how_busy,en,"is that restaurant crowded during dinner"
how_busy,en,"can you tell me how busy chipotle will be at nine tonight"
how_busy,en,"how busy is imanas tei at 7 dinner"
how_busy,en,"how busy will golden corral be at 7:30 tonight"
how_busy,en,"find out how busy ihop usually is around 5 pm"
how_busy,en,"how long is the wait at imanas"
how_busy,en,"how long will i have to wait before being seated at the cheese cake factory"
how_busy,en,"at 5:30 pm, how busy can i expect olive garden to be"
how_busy,en,"i would like to find out if macaroni grill will be busy around 7:00 pm"
how_busy,en,"how busy is imanas at 6"
how_old_are_you,en,"what's your age siri"
how_old_are_you,en,"how many years has al been on earth"
how_old_are_you,en,"how long have you been around"
how_old_are_you,en,"how long have you been here"
how_old_are_you,en,"tell me how old you are"
how_old_are_you,en,"ai, how many months old are you"
how_old_are_you,en,"when was your birth"
how_old_are_you,en,"how old are you today"
how_old_are_you,en,"how long have you been around, ai"
how_old_are_you,en,"what is your creation date"
improve_credit_score,en,"help me build my credit score by showing me some ways on how to"
improve_credit_score,en,"tell me ways to improve my credit score"
improve_credit_score,en,"how can i build my credit"
improve_credit_score,en,"i'd like to find ways to improve my credit score"
improve_credit_score,en,"steps to raise my credit score"
improve_credit_score,en,"how to keep my credit from dropping"
improve_credit_score,en,"give me some ways to build my credit score"
improve_credit_score,en,"how to improve my credit score"
improve_credit_score,en,"how to build up my credit score"
improve_credit_score,en,"what are some ways to keep my credit score up"
income,en,"how much do you make"
income,en,"what do you make in a year"
income,en,"what is my salary"
income,en,"what is my hourly rate"
income,en,"calculate how much i earn from my job"
income,en,"how much money did i make"
income,en,"how much have i earned this week"
income,en,"what's my income"
income,en,"i need you to tell me my salary"
income,en,"tell me about my income this week"
ingredient_substitution,en,"can i substitute ketchup for mustard"
ingredient_substitution,en,"can i swap sugar for salt"
ingredient_substitution,en,"can i substitute apple juice for wine"
ingredient_substitution,en,"can i use baking powder instead of baking soda"
ingredient_substitution,en,"is crushed garlic the same as powdered garlic for a spaghetti sauce"
ingredient_substitution,en,"is it okay to switch water for milk"
ingredient_substitution,en,"is it ok to sub sugar for salt"
ingredient_substitution,en,"can i exchange milk for cream in recipes"
ingredient_substitution,en,"what about changing the sugar for baking soda"
ingredient_substitution,en,"can i substitute rice milk for milk"
ingredients_list,en,"in terms of making scrambled eggs, what ingredients do i need"
ingredients_list,en,"what ingredients do i need to make broccoli cheddar soup"
ingredients_list,en,"what ingredients are in salsa"
ingredients_list,en,"what ingredients do i need to make salmon salad"
ingredients_list,en,"what ingredients are necessary for a steak"
ingredients_list,en,"i am making broccoli cheddar soup, what ingredients do i need"
ingredients_list,en,"give me a list of ingredients needed for pizza dough"
ingredients_list,en,"what ingredients are in mashed potatoes"
ingredients_list,en,"what ingredients are required for chicken noodle soup"
ingredients_list,en,"i’m making spaghetti what ingredients do i need"
insurance,en,"what are my insurance perks"
insurance,en,"what benefits do i get from insurance"
insurance,en,"what are my insurance advantages"
insurance,en,"i need to know my health benefits"
insurance,en,"what are my insurance rewards"
insurance,en,"how do i know my insurance benefits"
insurance,en,"what insurance benefits do i have"
insurance,en,"do i have many health benefits"
insurance,en,"what health benefits can i use"
insurance,en,"i need you to tell me what benefits are included in my insurance"
insurance_change,en,"i need to get new insurance, how do i do it"
insurance_change,en,"switch my insurance plan to a new one"
insurance_change,en,"what do i do to get new insurance"
insurance_change,en,"i would like to get a new insurance plan"
insurance_change,en,"i want a new motorcycle insurance plan"
insurance_change,en,"walk me through making changes to my insurance policy"
insurance_change,en,"how can i obtain new insurance"
insurance_change,en,"how to create a new aaa insurance plan"
insurance_change,en,"i would like to switch my insurance plan"
insurance_change,en,"is new this a good insurance plan for me"
interest_rate,en,"how percentage am i earning annually on my account"
interest_rate,en,"what is the interest rate on my chase slate credit card"
interest_rate,en,"will you tell me the interest rate"
interest_rate,en,"check the interest rate on my savings account"
interest_rate,en,"how much is the interest rate for the account i have at bluebird"
interest_rate,en,"can you tell me my interest rate"
interest_rate,en,"what is the interest rate on my capital one credit card"
interest_rate,en,"what is the interest rate on my barclay card arrival credit card"
interest_rate,en,"is my savings interest rate too low"
interest_rate,en,"could you find my interest rate for me"
international_fees,en,"are there any transaction fees associated with my navy federal card if i am in japan"
international_fees,en,"does my navy federal card have international transaction fees"
international_fees,en,"will i be charged if i use my card in france"
international_fees,en,"do i need to pay any fee if i use my card in japan"
international_fees,en,"does my bank of the west card have international transaction fees"
international_fees,en,"i need to know if there are transaction fees for my visa card in canada"
international_fees,en,"what is the surcharge for using my card in italy while i visit"
international_fees,en,"does my chase card have international transaction fees"
international_fees,en,"will i get a fee for international transactions with my visa card"
international_fees,en,"are there any transaction fees associated with my chase card if i am in tokyo"
international_visa,en,"is a visa required to visit cancun"
international_visa,en,"do i need a visa to go to greece"
international_visa,en,"do i need to get a visa for traveling to chile"
international_visa,en,"do i need to apply for a travel visa if i am going to bermuda"
international_visa,en,"for travel to argentina, do i need to get a travel visa"
international_visa,en,"do i need a visa to go there"
international_visa,en,"will i have to apply for a visa if i want to visit mexico"
international_visa,en,"do i need an international visa to go to england"
international_visa,en,"israel has strict restrictions do i need a visa to travel there"
international_visa,en,"do i need a travel visa to visit japan"
jump_start,en,"what is the procedure to jump start a car"
jump_start,en,"how do i properly give my car a jump"
jump_start,en,"what do i do if my car battery is dead"
jump_start,en,"guide me through jump starting a car"
jump_start,en,"whats the safest way to jump start a car"
jump_start,en,"how do you jump a car with a dead battery"
jump_start,en,"how do i jump my car"
jump_start,en,"how do you jump start a car"
jump_start,en,"i need rules for jump starting"
jump_start,en,"what can i do since my car battery died"
last_maintenance,en,"what date did i last take my car in"
last_maintenance,en,"when did i last take my car in for maintenance"
last_maintenance,en,"how long has it been since my car was last looked at"
last_maintenance,en,"how long has it been since my oil was changed"
last_maintenance,en,"you need to tell me when was car in shop"
last_maintenance,en,"look up the date of my last oil change"
last_maintenance,en,"i need to know when i last carried my car to the shop"
last_maintenance,en,"when did i most recently have my car in the shop"
last_maintenance,en,"when did i last have car maintenance"
last_maintenance,en,"i need to know when was the last time i had my car checked out for a tune up"
lost_luggage,en,"who do i complain to about my luggage not arriving at the airport"
lost_luggage,en,"in o'hare lost luggage on flight america airlines"
lost_luggage,en,"what is the next step if my luggage was lost"
lost_luggage,en,"i need assistance with my lost luggage, i was on american airlines ab123 out of talahasse"
lost_luggage,en,"i don't know where my luggage is"
lost_luggage,en,"what's the procedure to deal with lost luggage"
lost_luggage,en,"find me the number for jet blue's customer service so i can yell at someone about my missing luggage"
lost_luggage,en,"i can't locate my luggage, i was on jetblue flight ab123 out of detroit"
lost_luggage,en,"i believe that my luggage was lost"
lost_luggage,en,"do you know where the luggage for people on panam flight ab123 out of tuscon is"
make_call,en,"can you redial the last number dialed"
make_call,en,"get a hold of sue"
make_call,en,"can you please call nata"
make_call,en,"i need to talk to someone on the phone"
make_call,en,"call someone"
make_call,en,"it's time for me to call drew"
make_call,en,"please dial david now"
make_call,en,"call mark"
make_call,en,"can i call a restaurant"
make_call,en,"phone call secretary"
maybe,en,"how is the weather today"
maybe,en,"i'm not sure"
maybe,en,"it could be that one or the other one"
maybe,en,"i dont know"
maybe,en,"one or the other, or both"
maybe,en,"both would work"
maybe,en,"i don't have the answer"
maybe,en,"i don't really know"
maybe,en,"i really don't have a clue"
maybe,en,"that answer's above my pay scale"
meal_suggestion,en,"suggest a meal from korea to me"
meal_suggestion,en,"suggest food from italy to me"
meal_suggestion,en,"what thoughts do you have about making dinnner tonight"
meal_suggestion,en,"i need you to give me a suggestion for what to make for dinner"
meal_suggestion,en,"suggest a good mexican meal to me"
meal_suggestion,en,"do you have any suggestions as to what i should cook for dinner"
meal_suggestion,en,"can you give me a vietnamese meal suggestion"
meal_suggestion,en,"i want an italian meal suggestion"
meal_suggestion,en,"suggest a meal from thailand to me"
meal_suggestion,en,"please suggest meals from italy to me"
meaning_of_life,en,"is love the meaning of life"
meaning_of_life,en,"what is the meaning of my life"
meaning_of_life,en,"does my life have meaning"
meaning_of_life,en,"say what the meaning of life is"
meaning_of_life,en,"what do you think the meaning of life is"
meaning_of_life,en,"what's life's meaning"
meaning_of_life,en,"is there really a meaning of life"
meaning_of_life,en,"i gotta know the meaning of life"
meaning_of_life,en,"research the meaning of life"
meaning_of_life,en,"i must know the point of life"
measurement_conversion,en,"what is the conversion of inches to centimeters"
measurement_conversion,en,"how can i change centimeters into inches"
measurement_conversion,en,"how many miles is five kilometers"
measurement_conversion,en,"how many inches and centimeters would i need if i had 10 feet of something"
measurement_conversion,en,"what is 10 ounces in grams, please"
measurement_conversion,en,"tell me how to convert grams into ounces"
measurement_conversion,en,"how do you convert pounds to kilos"
measurement_conversion,en,"convert inch to cm"
measurement_conversion,en,"how many meters are in 10 millimeters"
measurement_conversion,en,"how many meters are in 50 feet"
meeting_schedule,en,"am i scheduled for any meetings between noon and one"
meeting_schedule,en,"when is that meeting with kara"
meeting_schedule,en,"how many total meetings will i have between 2 and 5"
meeting_schedule,en,"about how many meetings am i attending between 12 and 3 today"
meeting_schedule,en,"do i have any meetings with michael today"
meeting_schedule,en,"when is the meeting with homer scheduled for"
meeting_schedule,en,"on what day is my meeting with dr lee"
meeting_schedule,en,"what meetings are on my calendar"
meeting_schedule,en,"how many meetings do i have scheduled between 10 and 3"
meeting_schedule,en,"i need to know if i have any meetings scheduled for today"
min_payment,en,"what is the minimum i can pay for my light bill"
min_payment,en,"what's the minimum i can pay on my sewer bill"
min_payment,en,"i need to know the bill's minimum payment"
min_payment,en,"minimum to pay on power bill"
min_payment,en,"please inform me of the minimum payment of the bill"
min_payment,en,"please tell me the bill's minimum payment"
min_payment,en,"what is the minimum i can pay for the gas bill"
min_payment,en,"what is the minimum i can pay for my phone bill"
min_payment,en,"i would like to know the minimum payment for my credit card"
min_payment,en,"show me the minimum payment for my boat bill"
mpg,en,"how far can i go on one tank of gas"
mpg,en,"does this car get good mpg on the highway"
mpg,en,"what is the city mpg for this car"
mpg,en,"how does this cars mpg do on the highway"
mpg,en,"tell me what this cars highway mpg is"
mpg,en,"tell me my car's fuel economy"
mpg,en,"how much highway mpg does it get"
mpg,en,"how good is the fuel usage for this vehicle"
mpg,en,"what is the mpg on this car"
mpg,en,"what is the highway mpg on this car"
new_card,en,"apply for a bank of america travel rewards credit card"
new_card,en,"how can i apply for a discover card"
new_card,en,"show me how to apply for a visa card"
new_card,en,"is this how i apply for a discover card"
new_card,en,"what if you need to obtain a new credit card"
new_card,en,"tell me how to apply for an american express card"
new_card,en,"can i get a brand new card please"
new_card,en,"i would like to apply for a air canada card visa, can you help me"
new_card,en,"show me the application for a visa card"
new_card,en,"can i apply for a discover card"
next_holiday,en,"when does my current job have the next official paid holiday"
next_holiday,en,"are there any holidays this month"
next_holiday,en,"when's the next federally recognized holiday"
next_holiday,en,"what's the next holiday"
next_holiday,en,"i need to know when my next day off is"
next_holiday,en,"how many days till we have off again"
next_holiday,en,"can you tell me what the next holiday is"
next_holiday,en,"check when the next day is i can go fishing will be"
next_holiday,en,"when is our next free day, please"
next_holiday,en,"how many days until the next holiday arrives"
next_song,en,"play the next musical number"
next_song,en,"can you skip this song"
next_song,en,"change the song to the next one on this playlist"
next_song,en,"play the next song instead"
next_song,en,"skip this and go to the next song"
next_song,en,"please jump to the song that follows this one"
next_song,en,"can we skip this song"
next_song,en,"could you play the next song on this playlist"
next_song,en,"please play the next song"
next_song,en,"the next song should be played"
no,en,"no, don't do that"
no,en,"negative for sure"
no,en,"that’s actually wrong"
no,en,"not really"
no,en,"that is a completely false statement"
no,en,"no thanks"
no,en,"that is untrue"
no,en,"that is false"
no,en,"i would have to say the answer to that is no"
no,en,"that's completely false"
nutrition_info,en,"how healthy is stax chips"
nutrition_info,en,"can you show me the nutrition facts for grapes"
nutrition_info,en,"what's the nutritional info for french fries"
nutrition_info,en,"share the nutrition info for brownies with me"
nutrition_info,en,"what do you know to be the nutritional info for macaroni and cheese to be"
nutrition_info,en,"i want to see the nutritional content of the hamburger"
nutrition_info,en,"can you read to me the nutritional info for macaroni and cheese"
nutrition_info,en,"is it healthy to eat pizza"
nutrition_info,en,"how healthy are lunchables"
nutrition_info,en,"what are the nutrition facts of grilled chicken"
oil_change_how,en,"i need instructions on how to change my car's oil and what type i should buy"
oil_change_how,en,"how do i change the oil in my car"
oil_change_how,en,"find instructions on how to change my oil"
oil_change_how,en,"i intend to learn how to change oil"
oil_change_how,en,"i want a lesson on changing my oil"
oil_change_how,en,"do i need to go under the car to change oil"
oil_change_how,en,"what kind of oil does my car take and how do i do a change"
oil_change_how,en,"walk me through changing the oil on a tesla"
oil_change_how,en,"i don't know how to change my oil or what type i need"
oil_change_how,en,"how do i change my oil with the correct type"
oil_change_when,en,"tell me how i know when i need an oil change"
oil_change_when,en,"the next time i change my oil, when should it be"
oil_change_when,en,"when should my oil get changed"
oil_change_when,en,"how many miles can i drive before changing my oil"
oil_change_when,en,"when is my car due for an oil change"
oil_change_when,en,"i really must know when should i get my oil changed next"
oil_change_when,en,"in how many miles do i need to schedule my oil change"
oil_change_when,en,"how soon should i have my oil changed"
oil_change_when,en,"what is the recommended time frame to change my oil"
oil_change_when,en,"my next oil change is when"
order,en,"please order me a 7lb bag of world's best cat litter from targetcom"
order,en,"i need you to order some more lysol for me,please"
order,en,"order everything that's on my list for shopping"
order,en,"can you order everything on my shopping list"
order,en,"i'm out of paper towels so will you order me some more"
order,en,"would you buy me a phone"
order,en,"i'd like to have everything on my shopping list"
order,en,"i need everything ordered on my shopping list"
order,en,"i want all the things on the shopping list"
order,en,"i do not have flour so will you order me some more"
order_checks,en,"how can i order more checks for my regions bank account"
order_checks,en,"how do i get more checkbooks mailed to me"
order_checks,en,"i want to order some new checks because i ran out of them"
order_checks,en,"i don't have any checks left; please order some"
order_checks,en,"is it possible to make an order for more checkbooks for my chase bank account"
order_checks,en,"would you please order me more checkbooks for my b of t account"
order_checks,en,"is is possible to order more checkbooks for account ending in sequence 939392"
order_checks,en,"could you please mail me some checkbooks"
order_checks,en,"order some new checks to replace the ones i ran out of"
order_checks,en,"what is the process to get some more checkbooks mailed to me"
order_status,en,"can i still make changes to my order, or has it already been shipped"
order_status,en,"what is the status of my recent order"
order_status,en,"can you tell me if my last amazon order is coming today"
order_status,en,"is my package able to be tracked by you"
order_status,en,"track my package now please"
order_status,en,"has my ordered arrived"
order_status,en,"when can i expect to receive the order"
order_status,en,"could you please track my package"
order_status,en,"has the order that i placed arrived"
order_status,en,"can you give me a status update on my online order from amazon"
pay_bill,en,"are you able to help me pay my mortgage"
pay_bill,en,"i need to get help paying my gas bill"
pay_bill,en,"pay the electric bill"
pay_bill,en,"i need help to pay my electric bill"
pay_bill,en,"pay the cable bill with my visa card"
pay_bill,en,"can you help me pay a bill"
pay_bill,en,"please help me pay my cable bill"
pay_bill,en,"i need help paying my tuition bill"
pay_bill,en,"i'd really like to pay this bill"
pay_bill,en,"i'd like to pay my bill"
payday,en,"when was i last paid"
payday,en,"when should another paycheck arrive"
payday,en,"remind me of the date of my last paycheck"
payday,en,"what day do i get paid next"
payday,en,"please give me the expected arrival date for my next paycheck"
payday,en,"what date is another paycheck due"
payday,en,"let me know when i'm going to be paid"
payday,en,"my next payday"
payday,en,"when will i recieve my next paycheck"
payday,en,"my next paycheck is available when"
pin_change,en,"i would like to replace the pin number for my retirement account"
pin_change,en,"i must change my pin number for my money market account"
pin_change,en,"i need help changing my pin"
pin_change,en,"go ahead and change the pin on my bank of america account to be 1234"
pin_change,en,"swap my amex pin to 1234"
pin_change,en,"change my pin to 1234 on account ending with digits 4994"
pin_change,en,"set my amex pin to 1234"
pin_change,en,"what do i need to do to change my abc bank account pin number"
pin_change,en,"i'd like to change the pin on my savings account, please"
pin_change,en,"tell me how to change my pin number"
play_music,en,"rock playlist please"
play_music,en,"pull up my shower playlist"
play_music,en,"play hey jude"
play_music,en,"i want to listen to music by the beatles"
play_music,en,"can you play your guitar right now"
play_music,en,"play the song with the lyrics, "baby shark, doo doo"
play_music,en,"look up my maroon 5 playlists; play it"
play_music,en,"play beatles"
play_music,en,"can you let me listen to elvis"
play_music,en,"i want to listen to my maroon 5 playlist, play it for me"
plug_type,en,"do i really need a plug converter when in london"
plug_type,en,"what plug type does greece use"
plug_type,en,"when you go to germany, do you need a special converter for your plugs"
plug_type,en,"will i need to use a plug converter in el salvador"
plug_type,en,"to charge my phone in india will i need a plug converter"
plug_type,en,"will i need a plug converter for my electronics in amman"
plug_type,en,"can you tell me what kind of outlet plug there is over there"
plug_type,en,"is a plug converter required for haiti"
plug_type,en,"do visitors to japan need to use a socket converter"
plug_type,en,"will i need a socket converter when i go to france"
pto_balance,en,"how many day of my vacation are left for the year"
pto_balance,en,"how many vacation days do i still get"
pto_balance,en,"how many vacation days have i accrued"
pto_balance,en,"how many days of vacation do i have"
pto_balance,en,"do i have any personal days left"
pto_balance,en,"how many pto days do i have for the year"
pto_balance,en,"how much pto do i have"
pto_balance,en,"hoe many vacation days are left for me"
pto_balance,en,"how many vacation days do i have to spend"
pto_balance,en,"how much time off do i have left"
pto_request,en,"what do i need to do to request vacation time off"
pto_request,en,"where do i make a vacation request"
pto_request,en,"i'd like for their to be a pto request for me made for the dates june 4th to june 8th"
pto_request,en,"put in a pto request for me i want it for the ninth and the tenth of august"
pto_request,en,"i need to set up a vacation request, what do i need to give you"
pto_request,en,"could you submit a pto request for me from dates mar 3 to 9, please"
pto_request,en,"could you submit a pto request for me for dates april 21 to 30, please"
pto_request,en,"is it possible for me to take a pto for two days, starting february 7"
pto_request,en,"create for me a pto request for march 16-21"
pto_request,en,"from december 22nd to the 25th, make me a pto request"
pto_request_status,en,"update on vacation request"
pto_request_status,en,"has my vacation request been denied or approved yet"
pto_request_status,en,"has my supervisor approved my vacation"
pto_request_status,en,"is my vacation approved yet"
pto_request_status,en,"give me the status of my vacation request"
pto_request_status,en,"has my request for vacation days been signed by my supervisor yet"
pto_request_status,en,"i need to know if my vacation was approved"
pto_request_status,en,"could you tell me what the status of my day off request is"
pto_request_status,en,"how's my day off request looking"
pto_request_status,en,"do you know if my vacation request went through"
pto_used,en,"how many vacation days have i consumed"
pto_used,en,"go to my job portal, i'd like to know how many days off i have used"
pto_used,en,"can you count for me the total number of days off i have used"
pto_used,en,"how much vacation have i taken"
pto_used,en,"tell me how much pto i've used"
pto_used,en,"tell me the amount of pto i have used at this point"
pto_used,en,"what's the total pto i've used"
pto_used,en,"how many days have i taken off so far"
pto_used,en,"how much pto do i have used up"
pto_used,en,"what amount of pto have i taken"
recipe,en,"can you find me a recipe for honey ham"
recipe,en,"what is a good beef recipe"
recipe,en,"please search for a chocolate fudge brownies recipe"
recipe,en,"i need to know how to make philly cheesesteaks"
recipe,en,"can you find a recipe on how to make chow mein"
recipe,en,"i need a vegi lasagna recipe"
recipe,en,"tell me how to make beef wellington"
recipe,en,"what are the steps i need to follow to make chewy rice krispies treats"
recipe,en,"how can i make chicken pot pie"
recipe,en,"what is needed you to cook apple pie"
redeem_rewards,en,"cash in rewards for my visa card"
redeem_rewards,en,"am i able to redeem my credit card points for an amazon gift card"
redeem_rewards,en,"how can i cash in my credit card points"
redeem_rewards,en,"do i have to contact someone to use my credit card points"
redeem_rewards,en,"can you explain to me how i ought to use my credit card points"
redeem_rewards,en,"can you help me begin the process of redeeming credit card points"
redeem_rewards,en,"what's the procedure to get cash back rewards on my visa"
redeem_rewards,en,"is a walmart gift card one of the things i can use my credit card points on"
redeem_rewards,en,"do i have enough credit card points to redeem a new appliance"
redeem_rewards,en,"do i have enough points to for a redemption"
reminder,en,"read what i added to the reminder list"
reminder,en,"tell me my reminders"
reminder,en,"my list of reminders is what"
reminder,en,"on my list of reminders is what"
reminder,en,"can you tell me what things i was trying to remember"
reminder,en,"read my reminders to me"
reminder,en,"can you remind me the things i was trying to remember"
reminder,en,"is there a reminder for my aa meeting on my list"
reminder,en,"please tell me everything on my list of reminders"
reminder,en,"is respond to the professor's email on my list of reminders"
reminder_update,en,"remind me to take out the garbage in the morning"
reminder_update,en,"can i set a reminder"
reminder_update,en,"set a reminder to go check the mail"
reminder_update,en,"remind me later"
reminder_update,en,"can you create a reminder"
reminder_update,en,"create a reminder for me to send flowers to my mom for mother's day"
reminder_update,en,"how about a reminder"
reminder_update,en,"remind me to call my mother saturday morning"
reminder_update,en,"i need to take out the trash please remind me"
reminder_update,en,"i want you to remind me of something"
repeat,en,"i missed that last one, please repeat"
repeat,en,"repeat that please"
repeat,en,"would you repeat that"
repeat,en,"i did not hear you"
repeat,en,"i didn't catch that say it again"
repeat,en,"say it one more time"
repeat,en,"what was that last thing you said"
repeat,en,"would you say that again, please"
repeat,en,"repeat what you just told me"
repeat,en,"can you please repeat that response"
replacement_card_duration,en,"how long does it take to get a replacement credit card when your last one was stolen"
replacement_card_duration,en,"can i replace a stolen card soon"
replacement_card_duration,en,"what's the typical time it takes for a new card to arrive"
replacement_card_duration,en,"what date will my card be here"
replacement_card_duration,en,"when can i expect my new card to get here"
replacement_card_duration,en,"when will my card come"
replacement_card_duration,en,"how long will it take for me to get a new credit card to replace the one that was stolen"
replacement_card_duration,en,"how long will delivery of a new card take"
replacement_card_duration,en,"my last card was stolen and i want to know how long until i get my new one"
replacement_card_duration,en,"when can i expect my new card"
report_fraud,en,"i'm pretty sure this charge is fraudulent"
report_fraud,en,"discover card reporting fraud"
report_fraud,en,"i want to report fraudulent activity on my visa card, please"
report_fraud,en,"report fraudulent activity on my debit card"
report_fraud,en,"i suspect some suspicious activity"
report_fraud,en,"looks like someone made an unauthorized charge to nike on my account"
report_fraud,en,"i think my chase account has been compromised and fraud committed"
report_fraud,en,"i'd like to report a fraudulent charge from people's natural gas"
report_fraud,en,"i think there's fraud on my account"
report_fraud,en,"i'm afraid this charge on my account is fraud"
report_lost_card,en,"i need to report a card that's been lost but i dont know how"
report_lost_card,en,"i lost my chase bank card and want it labeled as lost"
report_lost_card,en,"i need to report that my card is lost"
report_lost_card,en,"my card is stolen, i need to report it"
report_lost_card,en,"i can't find my credit card and i want to report it as lost"
report_lost_card,en,"i have to report a lost visa card"
report_lost_card,en,"i can't locate my mastercard and i want to report it as lost, please"
report_lost_card,en,"my visa was stolen"
report_lost_card,en,"report lost card to discover company"
report_lost_card,en,"can you help me report my lost card please"
reset_settings,en,"go to default setting"
reset_settings,en,"change to factory settings now"
reset_settings,en,"change back to your initial settings please"
reset_settings,en,"reset the factory settings"
reset_settings,en,"please reset the factory settings"
reset_settings,en,"go back to your normal settings please"
reset_settings,en,"go back to the factory settings for this device"
reset_settings,en,"i'd like to revert to factory settings"
reset_settings,en,"i want to go back to the factory settings"
reset_settings,en,"you should reset your factory settings"
restaurant_reservation,en,"make a reservation for tuesday at 7:00 pm at cielo for 2"
restaurant_reservation,en,"can you get me a table for 8 at johnnys"
restaurant_reservation,en,"can you set me up for a reservation for five at outback steakhouse on february 28th at seven pm"
restaurant_reservation,en,"can you make a reservation at the restaurant for tonight"
restaurant_reservation,en,"please reserve a table for two at rouge for 7:00 pm"
restaurant_reservation,en,"please make a reservation at ruth's steaks for a party of five at 7:00 pm under jack arnold"
restaurant_reservation,en,"i want to make a reservation for 8 pm at red robin for 3"
restaurant_reservation,en,"can you get me a table for two for 8:00 pm at parc"
restaurant_reservation,en,"can you get me a table for 4 at steve's"
restaurant_reservation,en,"make me a reservation for tomorrow at happys for four"
restaurant_reviews,en,"do people like chipotle"
restaurant_reviews,en,"what are the reviews for mountain mikes"
restaurant_reviews,en,"how are the reviews for spaghetti at the olive garden"
restaurant_reviews,en,"what's the reviews have to say about burger king"
restaurant_reviews,en,"does buffalo wild wings have good reviews"
restaurant_reviews,en,"what are the reviews like for zazie"
restaurant_reviews,en,"how are the donuts reviews at tgi"
restaurant_reviews,en,"tell me about the reviews for olive garden"
restaurant_reviews,en,"does outback steakhouse have good reviews"
restaurant_reviews,en,"how good are the ratings for pizza hut"
restaurant_suggestion,en,"i am hungry and need a restaurant suggestion"
restaurant_suggestion,en,"are there any decent places to get seafood in seattle"
restaurant_suggestion,en,"do you know of any good mexican restaurants in seattle"
restaurant_suggestion,en,"show me 5-star dining establishments in nashville"
restaurant_suggestion,en,"suggest a restaurant for me to eat tonight, please"
restaurant_suggestion,en,"could you locate me some good places in kentucky that serve sushi"
restaurant_suggestion,en,"find me a good spot for southern comfort food in los angeles"
restaurant_suggestion,en,"what are some good places to eat at"
restaurant_suggestion,en,"what's the best place for some thai in new york city"
restaurant_suggestion,en,"tell me where to go since i want to eat out tonight"
rewards_balance,en,"what's the total number of points i earned so far with my chase rewards card"
rewards_balance,en,"my marriot rewards card has how much for a point total"
rewards_balance,en,"i have how many points on my amex right now"
rewards_balance,en,"how many points have been earned on my amex"
rewards_balance,en,"how many points are on my speedway card right now"
rewards_balance,en,"i need to hear how many points i've obtained on my capital one visa"
rewards_balance,en,"figure out my reward points for discovery card"
rewards_balance,en,"how many points do i have on my mastercard"
rewards_balance,en,"what is my wells fargo card's rewards balance"
rewards_balance,en,"what is the total amount of my starbucks rewards balance"
roll_dice,en,"i need a 10 sided die rolled"
roll_dice,en,"please do a dice roll"
roll_dice,en,"6 sided dice roll"
roll_dice,en,"i need you to roll an 8 sided dice"
roll_dice,en,"roll dice please"
roll_dice,en,"i want to roll a dice"
roll_dice,en,"roll the dice"
roll_dice,en,"will you roll a 10 sided dice"
roll_dice,en,"i want to roll some dice"
roll_dice,en,"give me a random number between 1 and 6"
rollover_401k,en,"how do i redirect my 401k"
rollover_401k,en,"can you help me with my 401k rollover since i got a new job"
rollover_401k,en,"i have a new job, help me with my 401k rollover"
rollover_401k,en,"how do i rollover my 401k after i got a new job"
rollover_401k,en,"i switched companies and need to rollover my 401k"
rollover_401k,en,"now that i have a new job, i need getting my 401k rolled over"
rollover_401k,en,"i just acquired a new job but i need help with my 401k rollover"
rollover_401k,en,"i need to get some assistance figuring out how i can rollover my 401k, please"
rollover_401k,en,"i got a new job, can you help me with my 401k rollover"
rollover_401k,en,"i nee to know how to transfer my 401k"
routing,en,"what is the routing number for royal"
routing,en,"could you tell me what my routing number from first republic is"
routing,en,"i need to know the routing number for my checking"
routing,en,"what's the routing number for my usaa account"
routing,en,"where do i find the routing number for usaa"
routing,en,"please tell me what my bank routing number is"
routing,en,"how can i find my routing number from bank of america"
routing,en,"what's the routing number for my savings account"
routing,en,"i need to know the routing number for my wells fargo account"
routing,en,"can you tell me the routing number of wells fargo"
schedule_maintenance,en,"could you schedule car maintenance for me"
schedule_maintenance,en,"i need someone to look at my check engine light"
schedule_maintenance,en,"make an appointment to check my tires"
schedule_maintenance,en,"i need to schedule a car repair"
schedule_maintenance,en,"i need someone to look at my car because my check engine light is on"
schedule_maintenance,en,"can someone look at my car cause the check engine light is on"
schedule_maintenance,en,"where in sacramento ca i schedule maintenance on my car"
schedule_maintenance,en,"i have to schedule somewhere get my tires checked out"
schedule_maintenance,en,"schedule a time to get my oil changed"
schedule_maintenance,en,"i need to schedule some car maintenance"
schedule_meeting,en,"between 9:00 am and 11:00 am, are there meeting rooms available"
schedule_meeting,en,"how can you schedule a meeting for me"
schedule_meeting,en,"are any rooms free from 12 to 1"
schedule_meeting,en,"i need a meeting room at 2pm on friday"
schedule_meeting,en,"i have to meet with sam at 9:00am in two days"
schedule_meeting,en,"i need you to schedule a meeting with bob brown at noon the day after tomorrow"
schedule_meeting,en,"help me get a meeting set up"
schedule_meeting,en,"i'd like to pencil in a meeting with seth at 11am"
schedule_meeting,en,"can i book a meeting room from 2:00 pm to 3:00 pm"
schedule_meeting,en,"set a meeting with tom for 5:30 tomorrow"
share_location,en,"i would like to share my location with my mom"
share_location,en,"share my gps location with steve"
share_location,en,"let lucy know my gps coordinates"
share_location,en,"let randy and travis know where i'm at"
share_location,en,"please let my mom and dad know my location"
share_location,en,"please show me how to share my location with noel"
share_location,en,"let shih chieh see my location"
share_location,en,"let ben and jerry know where i am"
share_location,en,"tell base camp my gps coordinates"
share_location,en,"i need to share my location with trey"
shopping_list,en,"do i need milk at the store"
shopping_list,en,"what did i write down on my shopping list this time"
shopping_list,en,"can you tell me whats on my shopping list"
shopping_list,en,"what did i put on my shopping list"
shopping_list,en,"what do i need to go shopping for"
shopping_list,en,"what kind of items are on my shopping list"
shopping_list,en,"what did i put on my shopping list so far"
shopping_list,en,"does my shopping list include apples right now"
shopping_list,en,"can you tell me what i have on my shopping list"
shopping_list,en,"read my shopping list to me"
shopping_list_update,en,"put carrots on my shopping list"
shopping_list_update,en,"delete fries from shopping list"
shopping_list_update,en,"take fresh carrots off my shopping list"
shopping_list_update,en,"on my shopping list, remove bread and add milk"
shopping_list_update,en,"i want you to remove shampoo from my shopping list"
shopping_list_update,en,"put milk on my shopping list cause i'm out of it"
shopping_list_update,en,"do i have bananas on my list, if not please put them on the list"
shopping_list_update,en,"add soda on my shopping list and remove carrots"
shopping_list_update,en,"can you take frozen food of my shopping list"
shopping_list_update,en,"add cherrios to the shopping list"
smart_home,en,"make the temperature 78 in here"
smart_home,en,"lock all the doors"
smart_home,en,"what is my ac set to right now"
smart_home,en,"check to see who is at the doof"
smart_home,en,"who is knocking"
smart_home,en,"turn lights on in my bedroom"
smart_home,en,"dim the main lights please"
smart_home,en,"please set the temperature to 70"
smart_home,en,"remember to lock the doors"
smart_home,en,"i would appreciate it if you help me turn the car on"
spelling,en,"count the number of the letter a in happiness"
spelling,en,"i don't know how to spell apparently"
spelling,en,"how do you spell guerrilla"
spelling,en,"i'd like to know how acommodate is spelled"
spelling,en,"how do you spell tomato"
spelling,en,"i am not sure how to spell punctuation"
spelling,en,"the word 'you' got how many letters"
spelling,en,"how can i spell avocado"
spelling,en,"how do you spell syzygy"
spelling,en,"what's the spelling of multimedia"
spending_history,en,"how much have i spent on food in the past week"
spending_history,en,"have i been spending more money at restaurants"
spending_history,en,"i need to know what i spend on utilities for the last year"
spending_history,en,"what chunk of my income have i spent on rent this year"
spending_history,en,"i need to know what i have spent on food recently"
spending_history,en,"what's the amount of money i spent yesterday"
spending_history,en,"have i been spending a lot on roast beef lately"
spending_history,en,"how much did i spend last week"
spending_history,en,"please tell me how much i have spent recently"
spending_history,en,"i spent a lot on vacations recently"
sync_device,en,"you must connect to my phone"
sync_device,en,"please unsync from my phone"
sync_device,en,"i need for you to connect to my phone"
sync_device,en,"could you unsync my phone please"
sync_device,en,"desync from my phone"
sync_device,en,"please connect with my phone"
sync_device,en,"i wanna disconnect from my phone"
sync_device,en,"i would like to pair this with my new phone"
sync_device,en,"do you have access to my phone"
sync_device,en,"please get off my phone"
taxes,en,"what do i owe in federal taxes"
taxes,en,"how much do i pay in tax"
taxes,en,"how much money am i going to lose this year for state taxes"
taxes,en,"how much are my state taxes"
taxes,en,"what do i pay in taxes"
taxes,en,"what can i expect to pay in taxes"
taxes,en,"tell me what the tax amount is"
taxes,en,"what amount do i have to pay in taxes"
taxes,en,"how much as my taxes by the way"
taxes,en,"how much do i pay in taxes, please"
tell_joke,en,"tell me a joke about cows"
tell_joke,en,"give me a joke about horses"
tell_joke,en,"would you like to tell me a joke"
tell_joke,en,"tell me something funny about rats"
tell_joke,en,"say something hilarious"
tell_joke,en,"i need to know somthing funny"
tell_joke,en,"do you know anything funny about cats"
tell_joke,en,"tell me something funny about animals"
tell_joke,en,"can you make me laugh"
tell_joke,en,"can you tell me something funny"
text,en,"text billy and tell him to be at monday's meeting at 3pm"
text,en,"please send a text"
text,en,"text sal and tell them hi"
text,en,"text my friend for me and tell them to meet me later"
text,en,"text mom i'll talk to you later"
text,en,"text robby hello"
text,en,"text bill and tell him i'll be 30 minutes late"
text,en,"text matt and tell him i will be late tonight"
text,en,"text william and ask him to pick up organic apples tonight"
text,en,"can you tell bob to get his dog via text"
thank_you,en,"i wish you were here earlier"
thank_you,en,"i really thank you"
thank_you,en,"gracias"
thank_you,en,"i am very grateful"
thank_you,en,"good job with assisting me"
thank_you,en,"oh sweet thanks"
thank_you,en,"nice, excellent!"
thank_you,en,"you've been a great help"
thank_you,en,"thank you for helping me"
thank_you,en,"thanks for your response"
time,en,"can you tell me the current time in the pacific timezone"
time,en,"what is the current time, please"
time,en,"i am needing to know the current time in the eastern timezone"
time,en,"what time is it in houston, tx"
time,en,"what's the current time in est"
time,en,"what time is it now"
time,en,"tell me what time it is right now"
time,en,"what hour and minute is it"
time,en,"what is the exact time right now in the hawaii time zone"
time,en,"what is the time in sydney, australia"
timer,en,"set up a timer"
timer,en,"i gotta set a timer"
timer,en,"set timer for 5 minutes"
timer,en,"can you please the timer"
timer,en,"i want a timer for 5 minutes"
timer,en,"start a countdown for 20 minutes"
timer,en,"lets set a timer for me"
timer,en,"please run a timer for me"
timer,en,"i need a timer set for 15 minutes"
timer,en,"want 5 minute timer"
timezone,en,"time zone in miami is what like"
timezone,en,"what time zone are we currently in"
timezone,en,"what timezone is viet nam in"
timezone,en,"nigeria is in which time zone"
timezone,en,"what's the timezone for san diego"
timezone,en,"if you're in melbourne, what timezone are you in"
timezone,en,"could you tell me what timezone reno is in"
timezone,en,"timezone of cuba"
timezone,en,"the timezone of italy is what"
timezone,en,"i need to know what timezone ireland is in"
tire_change,en,"i got my new tires a month ago, when should i replace them"
tire_change,en,"how is the tread on my tires"
tire_change,en,"how many times a year should i change my tires"
tire_change,en,"i replaced my tires last year when should i replace my tires again"
tire_change,en,"when's the next time i should change my tires"
tire_change,en,"tell me how i can tell if my tires need to be changed"
tire_change,en,"how many more miles can i drive before changing my tires"
tire_change,en,"when will i need to change my tires again"
tire_change,en,"if i replaced my tires on labor day, when should i next replace them"
tire_change,en,"when should i get new tires"
tire_pressure,en,"tell me how low the air in my tires are"
tire_pressure,en,"whats the pressure like in my tires"
tire_pressure,en,"air amount in tires"
tire_pressure,en,"do i need to inflate my tires"
tire_pressure,en,"are my tires full or low"
tire_pressure,en,"are my tires low"
tire_pressure,en,"tell me my car's tire pressure level"
tire_pressure,en,"are my tires good on pressure"
tire_pressure,en,"are my tires under-inflated"
tire_pressure,en,"what's the amount of air in my tires right now"
todo_list,en,"is cleaning the toilet on my to-do list"
todo_list,en,"read back my to do list"
todo_list,en,"can i hear the complete to do list just dictated"
todo_list,en,"what have i got on my to-do list"
todo_list,en,"do i have get an oil change on my todo list"
todo_list,en,"will an oil change be on my to-do list tomorrow"
todo_list,en,"do i have an item on my todo list related to shopping"
todo_list,en,"can you tell me my to do list"
todo_list,en,"go ahead and say all of the points on my list of to-do's please"
todo_list,en,"check my to do list to see if jewelry repair is listed"
todo_list_update,en,"please put my acupuncture appointment on my to list"
todo_list_update,en,"i need to include a stop at the pharmacy to the list of things to do"
todo_list_update,en,"i want you to clear out my to do list"
todo_list_update,en,"put clean stovetop on my list of reminders"
todo_list_update,en,"please put cleaning on my list of things to do"
todo_list_update,en,"i'd like you to remove throw away dvds off my todo list"
todo_list_update,en,"take everything off my todo list"
todo_list_update,en,"to my domestic task list please add paint kitchen"
todo_list_update,en,"erase all items on my todo list"
todo_list_update,en,"on my list of things to do, add cleaning"
traffic,en,"is traffic bad on my way to the next mcdonalds"
traffic,en,"how bad is city traffic in miami on friday's at 5 pm"
traffic,en,"how bad is the traffic"
traffic,en,"tell me what the traffic is like on the way to phoenix"
traffic,en,"what's the traffic like on the way to the amusement park"
traffic,en,"is there traffic on dove road"
traffic,en,"will there be traffic on the way to walmart"
traffic,en,"give me the traffic at lexington"
traffic,en,"how's traffic en route to virginia"
traffic,en,"what's the traffic like on my way to the terminal"
transactions,en,"help me get access to my recent transaction history"
transactions,en,"can i see my transactions from yesterday"
transactions,en,"i want to see my entertainment transactions"
transactions,en,"show me the last month of transactions"
transactions,en,"please tell me my in-person transactions for the last three days using my debit card"
transactions,en,"how expensive was my most recent transaction"
transactions,en,"show me the transaction on the food"
transactions,en,"i need some information on a recent transaction"
transactions,en,"what did i spend at target on my barclays card last month"
transactions,en,"i need to know all the recent transactions i've made"
transfer,en,"i want to initiate a transfer from one account to the other"
transfer,en,"i need ten dollars sent from b of a to washington mutual"
transfer,en,"please transfer $50 to my checking account from credit"
transfer,en,"send 100 dollars from checking to savings"
transfer,en,"send 100 dollars between bank of the west and bank of america acccounts"
transfer,en,"i have to transfer ten dollars from my bank of america account to my capital one account"
transfer,en,"i need to transfer from one account to my second one"
transfer,en,"i would like to transfer from one account to my second one"
transfer,en,"send over a hundred dollars from huntington into saving"
transfer,en,"transfer $20000 from my savings account to checking account"
translate,en,"how would i say thank you if i were russian"
translate,en,"can you translate milk into spanish for me"
translate,en,"translate for me hello into french"
translate,en,"how do they say "how's it going" in swahili"
translate,en,"how would i say goodbye if i were norwegian"
translate,en,"what words would i use to tell someone i am lost if i were japanese"
translate,en,"what is the correct way to say 'i am a visitor' in french"
translate,en,"how could i say twin in chinese"
translate,en,"how do they say "who is your father" in german"
translate,en,"can you translate where's the bar into irish for me"
travel_alert,en,"look for travel alerts for china"
travel_alert,en,"are there any alerts for traveling in belize"
travel_alert,en,"i'd like to see if there's a travel alert for the country"
travel_alert,en,"list of countries with travel alerts"
travel_alert,en,"is traveling to dublin safe (will dublin be safe)"
travel_alert,en,"are there any travel alerts for china"
travel_alert,en,"is there a travel alert for spain"
travel_alert,en,"what alerts are listed for traveling to paris"
travel_alert,en,"is there a travel alert for russia"
travel_alert,en,"any travel advisories for portugal"
travel_notification,en,"i need to let my bank know i am visiting asia soon"
travel_notification,en,"alert my bank and tell them that i'm travelling to paris"
travel_notification,en,"let my bank know i will be travelling to the cayman islands"
travel_notification,en,"alert my bank and let them know that i'm travelling to stockholm"
travel_notification,en,"i am going to asia in a bit, i should tell the bank"
travel_notification,en,"i'll soon be travelling internationally; could you let my bank know"
travel_notification,en,"im going to be in jamaica from october 4th until october 8th"
travel_notification,en,"tell my bank i will be travelling to the caribbean"
travel_notification,en,"alert my bank and let them know i'm travelling to japan"
travel_notification,en,"i need to let my bank know i am traveling to chicago"
travel_suggestion,en,"is there anything fun to do in berlin"
travel_suggestion,en,"what is there to do besides drink in germany"
travel_suggestion,en,"what could i do for fun in kentucky"
travel_suggestion,en,"what are some things i can do in portland"
travel_suggestion,en,"can you get me any recommendations for the place i'm traveling to"
travel_suggestion,en,"what experiences does kentucky offer"
travel_suggestion,en,"what can a tourist in denver do"
travel_suggestion,en,"what festivals are there to see in paris"
travel_suggestion,en,"what kinds of fun touristy things are there to do in boston"
travel_suggestion,en,"what are some activities to do in chicago"
uber,en,"get me an uber to chilis"
uber,en,"i need an uber to the sears tower"
uber,en,"set me up with an uber"
uber,en,"uber, i have 3 people who are going to union station"
uber,en,"can i get an uber to union station for 3 riders"
uber,en,"please get me an uber to get to the movies"
uber,en,"can i get an uber for 2 home"
uber,en,"i would like an uber going to the train station, please"
uber,en,"i'm going to need an uber to take 4 people to the mall"
uber,en,"schedule an uber for 3 to go to the airport"
update_playlist,en,"could you put broken by evanescense to my playlist"
update_playlist,en,"i wanna add help! by the beatles to my playlist"
update_playlist,en,"add this song to my top 40 playlist"
update_playlist,en,"put smooth operator by sade on my playlist"
update_playlist,en,"put this song on my edm playlist"
update_playlist,en,"could you insert broken by evanescence to my music"
update_playlist,en,"list happy on my rb playlist"
update_playlist,en,"add yosemite to my rap playlist"
update_playlist,en,"will you add what i'm listening to to my dinner playlist"
update_playlist,en,"can you put smooth operator by sade on my playlist"
user_name,en,"what name do you use when addressing me"
user_name,en,"what will you refer to me as"
user_name,en,"what might my name be"
user_name,en,"how do you usually refer to me"
user_name,en,"what's my name in your system"
user_name,en,"what do you say for my name"
user_name,en,"what is the name you have listed for my identity"
user_name,en,"can you tell me what your refer to me as"
user_name,en,"what's the name that you have for me, please"
user_name,en,"tell me what you believe my name to be"
vaccines,en,"is it recommended to get any specific shots before i travel to norway"
vaccines,en,"are there any shots i should get before going to south africa"
vaccines,en,"i'm going to india do i need some shots"
vaccines,en,"what shots do i need before heading to france"
vaccines,en,"i'm going to south africa, so should i get some vaccinations or anything"
vaccines,en,"are there any mandatory shots that i must get before my trip to jamaica"
vaccines,en,"which countries require vaccinations before entering for travel"
vaccines,en,"before i leave for mexico should i get some more vaccinations"
vaccines,en,"what are the recommended shots to get before i travel to england"
vaccines,en,"please tell me what shots i am required to get to travel to india"
w2,en,"who has the tax form that has my wage informaton"
w2,en,"provide me assistance on where to go to get my w2 for tax reasons"
w2,en,"where can i get a w2 form"
w2,en,"can you tell me where to get a w2"
w2,en,"where can i obtain a w2 form"
w2,en,"can i get a w2 form online"
w2,en,"how do i get a w2"
w2,en,"is my w2 available at the post office"
w2,en,"i need to get a hold of my w-2 right now"
w2,en,"where could i locate a w2 form from"
weather,en,"is sparks experiencing bad weather right now"
weather,en,"tell me this week's forecast"
weather,en,"what is today's high temperature predicted to be"
weather,en,"what is the weather report for seattle"
weather,en,"what will the weather be this weekend"
weather,en,"what's the climate like in chicago"
weather,en,"what's the forecast like for pittsburgh"
weather,en,"what's the temperature outside"
weather,en,"what is the weather going to be like"
weather,en,"what are the atmospheric conditions in sparks"
what_are_your_hobbies,en,"lets talk about your hobbies"
what_are_your_hobbies,en,"i want to know if you have hobbies"
what_are_your_hobbies,en,"what types of hobbies do you enjoy"
what_are_your_hobbies,en,"what do you like to do when you're not working"
what_are_your_hobbies,en,"what hobbies do you do"
what_are_your_hobbies,en,"let's talk about your hobbies"
what_are_your_hobbies,en,"what do you like to do when you have spare time"
what_are_your_hobbies,en,"what are you hobbies"
what_are_your_hobbies,en,"can you describe your hobbies to me"
what_are_your_hobbies,en,"what you do at the free time"
what_can_i_ask_you,en,"what topics can i ask you about"
what_can_i_ask_you,en,"what are you able to help me with"
what_can_i_ask_you,en,"what kind of questions are you good at answering"
what_can_i_ask_you,en,"what type of questions are you partial to that i can ask you"
what_can_i_ask_you,en,"what kinds of things are you knowledgable about"
what_can_i_ask_you,en,"what sorts of subjects are you well versed in"
what_can_i_ask_you,en,"what kind of questions may i ask you"
what_can_i_ask_you,en,"i need to know what kind of things you can help with"
what_can_i_ask_you,en,"tell me the subjects you're aware of"
what_can_i_ask_you,en,"which types of questions may i ask you"
what_is_your_name,en,"when referring to you, what name should i use"
what_is_your_name,en,"tell me what name to use to refer to you"
what_is_your_name,en,"what name should i use to address you"
what_is_your_name,en,"what name should i use to call for you"
what_is_your_name,en,"and what would your name be"
what_is_your_name,en,"what did your friends call you"
what_is_your_name,en,"what is the ai's name"
what_is_your_name,en,"what would you like to be called"
what_is_your_name,en,"what's your designation"
what_is_your_name,en,"i'd like to know what to call you"
what_song,en,"what's the song they are playing for us right now"
what_song,en,"who sang this song"
what_song,en,"tell me this song's name"
what_song,en,"what's this track"
what_song,en,"can you look up the name of this song"
what_song,en,"what is this song"
what_song,en,"name this song, please"
what_song,en,"can you tell me this song"
what_song,en,"what's the name of the current song"
what_song,en,"which song is this"
where_are_you_from,en,"where are your origins located"
where_are_you_from,en,"in what state were you born"
where_are_you_from,en,"would you care to let me know where you were made"
where_are_you_from,en,"can you tell me where you were born"
where_are_you_from,en,"when you were a child, where did you live"
where_are_you_from,en,"in which place were you made"
where_are_you_from,en,"what country do you consider yourself a citizen of"
where_are_you_from,en,"what town were you born in"
where_are_you_from,en,"were you born in a hospital"
where_are_you_from,en,"what is your native home"
whisper_mode,en,"can you please lower the volume please"
whisper_mode,en,"let's use whisper voice"
whisper_mode,en,"would you mind switching to whisper mode"
whisper_mode,en,"i need you to go into whisper mode"
whisper_mode,en,"make sure to set yourself to whisper mode before i go to the movie"
whisper_mode,en,"could you please get out of whisper mode"
whisper_mode,en,"i think we should whisper"
whisper_mode,en,"whisper mode off"
whisper_mode,en,"change mode to whisper"
whisper_mode,en,"engage whisper mode now"
who_do_you_work_for,en,"who directs your labor"
who_do_you_work_for,en,"who are they that you work for"
who_do_you_work_for,en,"are you paid by somebody"
who_do_you_work_for,en,"what organization do you work for"
who_do_you_work_for,en,"who is the person u work for"
who_do_you_work_for,en,"if you had to say who you worked for who would it be"
who_do_you_work_for,en,"what is your boss's name"
who_do_you_work_for,en,"do you work for anyone else"
who_do_you_work_for,en,"you work for what company or person exactly"
who_do_you_work_for,en,"you working for someone else on the side"
who_made_you,en,"can you remember who compiled you"
who_made_you,en,"who did the programming for this ai"
who_made_you,en,"who designed you"
who_made_you,en,"who makes the ai"
who_made_you,en,"i would like to know who programmed this ai"
who_made_you,en,"tell me what company programmed you"
who_made_you,en,"how did you come to be you"
who_made_you,en,"who created your ai program"
who_made_you,en,"tell me the company that produces you and similar machines"
who_made_you,en,"who made you up"
yes,en,"that's a yes from me"
yes,en,"yeap"
yes,en,"i have to say affirmative on that one"
yes,en,"that is a fact"
yes,en,"i believe that's true"
yes,en,"correct, it is affirmative"
yes,en,"that would be yes"
yes,en,"i think that's true"
yes,en,"that is not false"
yes,en,"yes, that is accurate"
,en,""
